title,link
From paddy to palm oil: Telangana focuses on water intensive crops,{'https://news.google.com/articles/CBMiZWh0dHBzOi8vaW5kaWEubW9uZ2FiYXkuY29tLzIwMjIvMTIvZnJvbS1wYWRkeS10by1wYWxtLW9pbC10ZWxhbmdhbmEtZm9jdXNlcy1vbi13YXRlci1pbnRlbnNpdmUtY3JvcHMv0gEA?hl=en-IN&gl=IN&ceid=IN%3Aen'}
"‘Telangana’s agricultural output has increased quickly’, says Niranjan Reddy",{'https://news.google.com/articles/CBMiaGh0dHBzOi8vd3d3LnNpYXNhdC5jb20vdGVsYW5nYW5hcy1hZ3JpY3VsdHVyYWwtb3V0cHV0LWhhcy1pbmNyZWFzZWQtcXVpY2tseS1zYXlzLW5pcmFuamFuLXJlZGR5LTI0NjU3NDcv0gFsaHR0cHM6Ly93d3cuc2lhc2F0LmNvbS90ZWxhbmdhbmFzLWFncmljdWx0dXJhbC1vdXRwdXQtaGFzLWluY3JlYXNlZC1xdWlja2x5LXNheXMtbmlyYW5qYW4tcmVkZHktMjQ2NTc0Ny9hbXAv?hl=en-IN&gl=IN&ceid=IN%3Aen'}
Telangana: Agricultural residential degree colleges invite applications for first-year admissions,{'https://news.google.com/articles/CBMie2h0dHBzOi8vdGVsYW5nYW5hdG9kYXkuY29tL3RlbGFuZ2FuYS1hZ3JpY3VsdHVyYWwtcmVzaWRlbnRpYWwtZGVncmVlLWNvbGxlZ2VzLWludml0ZS1hcHBsaWNhdGlvbnMtZm9yLWZpcnN0LXllYXItYWRtaXNzaW9uc9IBAA?hl=en-IN&gl=IN&ceid=IN%3Aen'}
"Telangana sets new benchmarks in agricultural cultivation, production",{'https://news.google.com/articles/CBMiX2h0dHBzOi8vdGVsYW5nYW5hdG9kYXkuY29tL3RlbGFuZ2FuYS1zZXRzLW5ldy1iZW5jaG1hcmtzLWluLWFncmljdWx0dXJhbC1jdWx0aXZhdGlvbi1wcm9kdWN0aW9u0gEA?hl=en-IN&gl=IN&ceid=IN%3Aen'}
Telangana govt to provide free EAMCET coaching to these students,{'https://news.google.com/articles/CBMiYGh0dHBzOi8vd3d3LnNpYXNhdC5jb20vdGVsYW5nYW5hLWdvdnQtdG8tcHJvdmlkZS1mcmVlLWVhbWNldC1jb2FjaGluZy10by10aGVzZS1zdHVkZW50cy0yNDczMTk5L9IBZGh0dHBzOi8vd3d3LnNpYXNhdC5jb20vdGVsYW5nYW5hLWdvdnQtdG8tcHJvdmlkZS1mcmVlLWVhbWNldC1jb2FjaGluZy10by10aGVzZS1zdHVkZW50cy0yNDczMTk5L2FtcC8?hl=en-IN&gl=IN&ceid=IN%3Aen'}
"Be prepared for early Telangana Assembly elections, Revanth tells partymen",{'https://news.google.com/articles/CBMijgFodHRwczovL3d3dy50aGVoaW5kdS5jb20vbmV3cy9uYXRpb25hbC90ZWxhbmdhbmEvYmUtcHJlcGFyZWQtZm9yLWVhcmx5LXRlbGFuZ2FuYS1hc3NlbWJseS1lbGVjdGlvbnMtcmV2YW50aC10ZWxscy1wYXJ0eW1lbi9hcnRpY2xlNjYyMjYwODQuZWNl0gGTAWh0dHBzOi8vd3d3LnRoZWhpbmR1LmNvbS9uZXdzL25hdGlvbmFsL3RlbGFuZ2FuYS9iZS1wcmVwYXJlZC1mb3ItZWFybHktdGVsYW5nYW5hLWFzc2VtYmx5LWVsZWN0aW9ucy1yZXZhbnRoLXRlbGxzLXBhcnR5bWVuL2FydGljbGU2NjIyNjA4NC5lY2UvYW1wLw?hl=en-IN&gl=IN&ceid=IN%3Aen'}
Niranjan Reddy slams Pawan Kalyan over remarks against Telangana,{'https://news.google.com/articles/CBMiW2h0dHBzOi8vdGVsYW5nYW5hdG9kYXkuY29tL25pcmFuamFuLXJlZGR5LXNsYW1zLXBhd2FuLWthbHlhbi1vdmVyLXJlbWFya3MtYWdhaW5zdC10ZWxhbmdhbmHSAQA?hl=en-IN&gl=IN&ceid=IN%3Aen'}
KTR sure of TRS hattrick in 2023 Telangana Assembly polls,{'https://news.google.com/articles/CBMihAFodHRwczovL3d3dy5uZXdpbmRpYW5leHByZXNzLmNvbS9zdGF0ZXMvdGVsYW5nYW5hLzIwMjIvZGVjLzA3L2t0ci1zdXJlLW9mLXRycy1oYXR0cmljay1pbi0yMDIzLXRlbGFuZ2FuYS1hc3NlbWJseS1wb2xscy0yNTI1Nzg2Lmh0bWzSAYMBaHR0cHM6Ly93d3cubmV3aW5kaWFuZXhwcmVzcy5jb20vc3RhdGVzL3RlbGFuZ2FuYS8yMDIyL2RlYy8wNy9rdHItc3VyZS1vZi10cnMtaGF0dHJpY2staW4tMjAyMy10ZWxhbmdhbmEtYXNzZW1ibHktcG9sbHMtMjUyNTc4Ni5hbXA?hl=en-IN&gl=IN&ceid=IN%3Aen'}
Telangana: HC Junks Panchayat Resolution to Evict Tribal Community for Forest Ranger's Murder,{'https://news.google.com/articles/CBMiUWh0dHBzOi8vdGhld2lyZS5pbi9sYXcvdGVsYW5nYW5hLWhpZ2gtY291cnQtcGFuY2hheWF0LXJlc29sdXRpb24tZXZpY3QtZ3V0dGkta295YdIBX2h0dHBzOi8vbS50aGV3aXJlLmluL2FydGljbGUvbGF3L3RlbGFuZ2FuYS1oaWdoLWNvdXJ0LXBhbmNoYXlhdC1yZXNvbHV0aW9uLWV2aWN0LWd1dHRpLWtveWEvYW1w?hl=en-IN&gl=IN&ceid=IN%3Aen'}
Telangana: Forest Officer's Killing Brings to Fore Issue of Podu Cultivation Again,{'https://news.google.com/articles/CBMiUGh0dHBzOi8vdGhld2lyZS5pbi9lbnZpcm9ubWVudC90ZWxhbmdhbmEtZm9yZXN0LW9mZmljZXIta2lsbGluZy1wb2R1LWN1bHRpdmF0aW9u0gFeaHR0cHM6Ly9tLnRoZXdpcmUuaW4vYXJ0aWNsZS9lbnZpcm9ubWVudC90ZWxhbmdhbmEtZm9yZXN0LW9mZmljZXIta2lsbGluZy1wb2R1LWN1bHRpdmF0aW9uL2FtcA?hl=en-IN&gl=IN&ceid=IN%3Aen'}
"In Telangana, land records portal the site of latest Congress-TRS battle",{'https://news.google.com/articles/CBMigwFodHRwczovL2luZGlhbmV4cHJlc3MuY29tL2FydGljbGUvY2l0aWVzL2h5ZGVyYWJhZC9pbi10ZWxhbmdhbmEtbGFuZC1yZWNvcmRzLXBvcnRhbC10aGUtc2l0ZS1vZi1sYXRlc3QtY29uZ3Jlc3MtdHJzLWJhdHRsZS04MzEwMjczL9IBAA?hl=en-IN&gl=IN&ceid=IN%3Aen'}
BCC&I to organize 'SmartAgri Summit' in Hyderabad on Dec 9,{'https://news.google.com/articles/CBMic2h0dHA6Ly93d3cudW5paW5kaWEuY29tL2JjYy1pLXRvLW9yZ2FuaXplLXNtYXJ0YWdyaS1zdW1taXQtaW4taHlkZXJhYmFkLW9uLWRlYy05L2J1c2luZXNzLWVjb25vbXkvbmV3cy8yODczODExLmh0bWzSAQA?hl=en-IN&gl=IN&ceid=IN%3Aen'}
"ICRISAT, PJTSAU join hands to boost groundnut production across Telangana",{'https://news.google.com/articles/CBMibmh0dHBzOi8vd3d3LnNpYXNhdC5jb20vdGVsYW5nYW5hLWljcmlzYXQtcGp0c2F1LWpvaW4taGFuZHMtdG8tYm9vc3QtZ3JvdW5kbnV0LXByb2R1Y3Rpb24tYWNyb3NzLXN0YXRlLTI0NjUyMjkv0gFyaHR0cHM6Ly93d3cuc2lhc2F0LmNvbS90ZWxhbmdhbmEtaWNyaXNhdC1wanRzYXUtam9pbi1oYW5kcy10by1ib29zdC1ncm91bmRudXQtcHJvZHVjdGlvbi1hY3Jvc3Mtc3RhdGUtMjQ2NTIyOS9hbXAv?hl=en-IN&gl=IN&ceid=IN%3Aen'}
"As Telangana claims it will revalidate cheques, farmers say, 'help never came'",{'https://news.google.com/articles/CBMiWmh0dHBzOi8vaW5kaWFuZXhwcmVzcy5jb20vYXJ0aWNsZS9jaXRpZXMvaHlkZXJhYmFkL3RlbGFuZ2FuYS1jaGVxdWVzLWZhcm1lcnMtaGVscC04MzAzNDQ2L9IBAA?hl=en-IN&gl=IN&ceid=IN%3Aen'}
"Hyderabad: PJTSAU, CGIAR-IRRI organises 3-day training program for plant breeders",{'https://news.google.com/articles/CBMiamh0dHBzOi8vdGVsYW5nYW5hdG9kYXkuY29tL2h5ZGVyYWJhZC1wanRzYXUtY2dpYXItaXJyaS1vcmdhbmlzZXMtMy1kYXktdHJhaW5pbmctcHJvZ3JhbS1mb3ItcGxhbnQtYnJlZWRlcnPSAQA?hl=en-IN&gl=IN&ceid=IN%3Aen'}
"Farmers in Andhra Pradesh are facing ‘untold hardships’ under YSRCP tenure, alleges TDP leader",{'https://news.google.com/articles/CBMipQFodHRwczovL3d3dy50aGVoaW5kdS5jb20vbmV3cy9uYXRpb25hbC9hbmRocmEtcHJhZGVzaC9mYXJtZXJzLWluLWFuZGhyYS1wcmFkZXNoLWFyZS1mYWNpbmctdW50b2xkLWhhcmRzaGlwcy11bmRlci15c3JjcC10ZW51cmUtYWxsZWdlcy10ZHAtbGVhZGVyL2FydGljbGU2NjIyMjc5NC5lY2XSAaoBaHR0cHM6Ly93d3cudGhlaGluZHUuY29tL25ld3MvbmF0aW9uYWwvYW5kaHJhLXByYWRlc2gvZmFybWVycy1pbi1hbmRocmEtcHJhZGVzaC1hcmUtZmFjaW5nLXVudG9sZC1oYXJkc2hpcHMtdW5kZXIteXNyY3AtdGVudXJlLWFsbGVnZXMtdGRwLWxlYWRlci9hcnRpY2xlNjYyMjI3OTQuZWNlL2FtcC8?hl=en-IN&gl=IN&ceid=IN%3Aen'}
TRS switches to national mode,{'https://news.google.com/articles/CBMiWWh0dHBzOi8vd3d3LmRlY2NhbmNocm9uaWNsZS5jb20vbmF0aW9uL3BvbGl0aWNzLzA3MTIyMi90cnMtc3dpdGNoZXMtdG8tbmF0aW9uYWwtbW9kZS5odG1s0gFdaHR0cHM6Ly93d3cuZGVjY2FuY2hyb25pY2xlLmNvbS9hbXAvbmF0aW9uL3BvbGl0aWNzLzA3MTIyMi90cnMtc3dpdGNoZXMtdG8tbmF0aW9uYWwtbW9kZS5odG1s?hl=en-IN&gl=IN&ceid=IN%3Aen'}
Top Telangana news developments today,{'https://news.google.com/articles/CBMid2h0dHBzOi8vd3d3LnRoZWhpbmR1LmNvbS9uZXdzL25hdGlvbmFsL3RlbGFuZ2FuYS90b3AtdGVsYW5nYW5hLW5ld3MtZGV2ZWxvcG1lbnRzLW9uLW5vdmVtYmVyLTktMjAyMi9hcnRpY2xlNjYxMTM4NTQuZWNl0gF8aHR0cHM6Ly93d3cudGhlaGluZHUuY29tL25ld3MvbmF0aW9uYWwvdGVsYW5nYW5hL3RvcC10ZWxhbmdhbmEtbmV3cy1kZXZlbG9wbWVudHMtb24tbm92ZW1iZXItOS0yMDIyL2FydGljbGU2NjExMzg1NC5lY2UvYW1wLw?hl=en-IN&gl=IN&ceid=IN%3Aen'}
Tribunal only way to resolve Krishna water dispute: Experts,{'https://news.google.com/articles/CBMihQFodHRwczovL3d3dy5uZXdpbmRpYW5leHByZXNzLmNvbS9zdGF0ZXMvdGVsYW5nYW5hLzIwMjIvZGVjLzA3L3RyaWJ1bmFsLW9ubHktd2F5LXRvLXJlc29sdmUta3Jpc2huYS13YXRlci1kaXNwdXRlLWV4cGVydHMtMjUyNTc5Ny5odG1s0gGEAWh0dHBzOi8vd3d3Lm5ld2luZGlhbmV4cHJlc3MuY29tL3N0YXRlcy90ZWxhbmdhbmEvMjAyMi9kZWMvMDcvdHJpYnVuYWwtb25seS13YXktdG8tcmVzb2x2ZS1rcmlzaG5hLXdhdGVyLWRpc3B1dGUtZXhwZXJ0cy0yNTI1Nzk3LmFtcA?hl=en-IN&gl=IN&ceid=IN%3Aen'}
TS EAMCET BiPC 2022: 98.31% seats allotted in first phase,{'https://news.google.com/articles/CBMiV2h0dHBzOi8vd3d3LnNpYXNhdC5jb20vdHMtZWFtY2V0LWJpcGMtMjAyMi05OC0zMS1zZWF0cy1hbGxvdHRlZC1pbi1maXJzdC1waGFzZS0yNDUyMTk5L9IBW2h0dHBzOi8vd3d3LnNpYXNhdC5jb20vdHMtZWFtY2V0LWJpcGMtMjAyMi05OC0zMS1zZWF0cy1hbGxvdHRlZC1pbi1maXJzdC1waGFzZS0yNDUyMTk5L2FtcC8?hl=en-IN&gl=IN&ceid=IN%3Aen'}
"Livestock, fisheries push agriculture GVA",{'https://news.google.com/articles/CBMiWmh0dHBzOi8vd3d3LmZpbmFuY2lhbGV4cHJlc3MuY29tL2Vjb25vbXkvbGl2ZXN0b2NrLWZpc2hlcmllcy1wdXNoLWFncmljdWx0dXJlLWd2YS8yOTAwMjgyL9IBX2h0dHBzOi8vd3d3LmZpbmFuY2lhbGV4cHJlc3MuY29tL2Vjb25vbXkvbGl2ZXN0b2NrLWZpc2hlcmllcy1wdXNoLWFncmljdWx0dXJlLWd2YS8yOTAwMjgyL2xpdGUv?hl=en-IN&gl=IN&ceid=IN%3Aen'}
Telangana: Irregularities in Dalit Bandhu scheme found by FFGG,{'https://news.google.com/articles/CBMiXWh0dHBzOi8vd3d3LnNpYXNhdC5jb20vdGVsYW5nYW5hLWlycmVndWxhcml0aWVzLWluLWRhbGl0LWJhbmRodS1zY2hlbWUtZm91bmQtYnktZmZnZy0yNDY4MDkwL9IBYWh0dHBzOi8vd3d3LnNpYXNhdC5jb20vdGVsYW5nYW5hLWlycmVndWxhcml0aWVzLWluLWRhbGl0LWJhbmRodS1zY2hlbWUtZm91bmQtYnktZmZnZy0yNDY4MDkwL2FtcC8?hl=en-IN&gl=IN&ceid=IN%3Aen'}
Discoms for continuation of existing tariff for 2023-24,{'https://news.google.com/articles/CBMibWh0dHBzOi8vd3d3LnRoZWhpbmR1LmNvbS9pbmNvbWluZy9kaXNjb21zLWZvci1jb250aW51YXRpb24tb2YtZXhpc3RpbmctdGFyaWZmLWZvci0yMDIzLTI0L2FydGljbGU2NjIwNjY3My5lY2XSAXJodHRwczovL3d3dy50aGVoaW5kdS5jb20vaW5jb21pbmcvZGlzY29tcy1mb3ItY29udGludWF0aW9uLW9mLWV4aXN0aW5nLXRhcmlmZi1mb3ItMjAyMy0yNC9hcnRpY2xlNjYyMDY2NzMuZWNlL2FtcC8?hl=en-IN&gl=IN&ceid=IN%3Aen'}
"Villages bordering TS, Maharashtra in fear over tiger attacks",{'https://news.google.com/articles/CBMifWh0dHBzOi8vd3d3LmRlY2NhbmNocm9uaWNsZS5jb20vbmF0aW9uL2luLW90aGVyLW5ld3MvMDUxMjIyL3ZpbGxhZ2VzLWJvcmRlcmluZy10cy1tYWhhcmFzaHRyYS1pbi1mZWFyLW92ZXItdGlnZXItYXR0YWNrcy5odG1s0gGBAWh0dHBzOi8vd3d3LmRlY2NhbmNocm9uaWNsZS5jb20vYW1wL25hdGlvbi9pbi1vdGhlci1uZXdzLzA1MTIyMi92aWxsYWdlcy1ib3JkZXJpbmctdHMtbWFoYXJhc2h0cmEtaW4tZmVhci1vdmVyLXRpZ2VyLWF0dGFja3MuaHRtbA?hl=en-IN&gl=IN&ceid=IN%3Aen'}
Telangana nudging farmers to shift to oil palm: Minister KT Rama Rao,{'https://news.google.com/articles/CBMiXmh0dHBzOi8vdGVsYW5nYW5hdG9kYXkuY29tL3RlbGFuZ2FuYS1udWRnaW5nLWZhcm1lcnMtdG8tc2hpZnQtdG8tb2lsLXBhbG0tbWluaXN0ZXIta3QtcmFtYS1yYW_SAQA?hl=en-IN&gl=IN&ceid=IN%3Aen'}
Why DBT schemes need to fix the problem of tenant farmers,{'https://news.google.com/articles/CBMiggFodHRwczovL2luZGlhbmV4cHJlc3MuY29tL2FydGljbGUvZXhwbGFpbmVkL2V4cGxhaW5lZC1lY29ub21pY3Mvd2h5LWRidC1zY2hlbWVzLW5lZWQtdG8tZml4LXRoZS1wcm9ibGVtLW9mLXRlbmFudC1mYXJtZXJzLTgyOTMyODAv0gEA?hl=en-IN&gl=IN&ceid=IN%3Aen'}
Telangana schemes implemented in different names across India: Niranjan Reddy,{'https://news.google.com/articles/CBMiZ2h0dHBzOi8vdGVsYW5nYW5hdG9kYXkuY29tL3RlbGFuZ2FuYS1zY2hlbWVzLWltcGxlbWVudGVkLWluLWRpZmZlcmVudC1uYW1lcy1hY3Jvc3MtaW5kaWEtbmlyYW5qYW4tcmVkZHnSAQA?hl=en-IN&gl=IN&ceid=IN%3Aen'}
Editorial: Follow science,{'https://news.google.com/articles/CBMiM2h0dHBzOi8vdGVsYW5nYW5hdG9kYXkuY29tL2VkaXRvcmlhbC1mb2xsb3ctc2NpZW5jZdIBAA?hl=en-IN&gl=IN&ceid=IN%3Aen'}
PM Kisan: 6.65 Lakh Farmers Missed Benefits of the Scheme; Know Why?,{'https://news.google.com/articles/CBMibGh0dHBzOi8va3Jpc2hpamFncmFuLmNvbS9hZ3JpY3VsdHVyZS13b3JsZC9wbS1raXNhbi02NjUtbGFraC1mYXJtZXJzLW1pc3NlZC1iZW5lZml0cy1vZi10aGUtc2NoZW1lLWtub3ctd2h5L9IBcmh0dHBzOi8va3Jpc2hpamFncmFuLmNvbS9hZ3JpY3VsdHVyZS13b3JsZC9wbS1raXNhbi02NjUtbGFraC1mYXJtZXJzLW1pc3NlZC1iZW5lZml0cy1vZi10aGUtc2NoZW1lLWtub3ctd2h5Lz9hbXA9MQ?hl=en-IN&gl=IN&ceid=IN%3Aen'}
Telangana Govt at brisk pace to complete market construction in Koheda,{'https://news.google.com/articles/CBMigAFodHRwczovL3d3dy50aGVoYW5zaW5kaWEuY29tL25ld3MvY2l0aWVzL2h5ZGVyYWJhZC90ZWxhbmdhbmEtZ292dC1hdC1icmlzay1wYWNlLXRvLWNvbXBsZXRlLW1hcmtldC1jb25zdHJ1Y3Rpb24taW4ta29oZWRhLTc2ODU1MdIBhAFodHRwczovL3d3dy50aGVoYW5zaW5kaWEuY29tL2FtcC9uZXdzL2NpdGllcy9oeWRlcmFiYWQvdGVsYW5nYW5hLWdvdnQtYXQtYnJpc2stcGFjZS10by1jb21wbGV0ZS1tYXJrZXQtY29uc3RydWN0aW9uLWluLWtvaGVkYS03Njg1NTE?hl=en-IN&gl=IN&ceid=IN%3Aen'}
TS gets approval for three new irrigation projects,{'https://news.google.com/articles/CBMidWh0dHBzOi8vd3d3LmRlY2NhbmNocm9uaWNsZS5jb20vbmF0aW9uL2N1cnJlbnQtYWZmYWlycy8zMDExMjIvdHMtZ2V0cy1hcHByb3ZhbC1mb3ItdGhyZWUtbmV3LWlycmlnYXRpb24tcHJvamVjdHMuaHRtbNIBAA?hl=en-IN&gl=IN&ceid=IN%3Aen'}
"Origo Commodities, Vivriti Capital launch eMandi Cash; To help Farmers and FPOs",{'https://news.google.com/articles/CBMidWh0dHBzOi8va3Jpc2hpamFncmFuLmNvbS9pbmR1c3RyeS1uZXdzL29yaWdvLWNvbW1vZGl0aWVzLXZpdnJpdGktY2FwaXRhbC1sYXVuY2gtZW1hbmRpLWNhc2gtdG8taGVscC1mYXJtZXJzLWFuZC1mcG9zL9IBe2h0dHBzOi8va3Jpc2hpamFncmFuLmNvbS9pbmR1c3RyeS1uZXdzL29yaWdvLWNvbW1vZGl0aWVzLXZpdnJpdGktY2FwaXRhbC1sYXVuY2gtZW1hbmRpLWNhc2gtdG8taGVscC1mYXJtZXJzLWFuZC1mcG9zLz9hbXA9MQ?hl=en-IN&gl=IN&ceid=IN%3Aen'}
Telangana Agriculture Minister terms MSP hike “too little”,{'https://news.google.com/articles/CBMifWh0dHBzOi8vd3d3LnRoZWhpbmR1LmNvbS9uZXdzL25hdGlvbmFsL3RlbGFuZ2FuYS90ZWxhbmdhbmEtYWdyaWN1bHR1cmUtbWluaXN0ZXItdGVybXMtbXNwLWhpa2UtdG9vLWxpdHRsZS9hcnRpY2xlNjU1MTA2NjMuZWNl0gGCAWh0dHBzOi8vd3d3LnRoZWhpbmR1LmNvbS9uZXdzL25hdGlvbmFsL3RlbGFuZ2FuYS90ZWxhbmdhbmEtYWdyaWN1bHR1cmUtbWluaXN0ZXItdGVybXMtbXNwLWhpa2UtdG9vLWxpdHRsZS9hcnRpY2xlNjU1MTA2NjMuZWNlL2FtcC8?hl=en-IN&gl=IN&ceid=IN%3Aen'}
Telangana Today Impact: HORTICET ranker gets financial help from Medak MP to pay fees,{'https://news.google.com/articles/CBMib2h0dHBzOi8vdGVsYW5nYW5hdG9kYXkuY29tL3RlbGFuZ2FuYS10b2RheS1pbXBhY3QtaG9ydGljZXQtcmFua2VyLWdldHMtZmluYW5jaWFsLWhlbHAtZnJvbS1tZWRhay1tcC10by1wYXktZmVlc9IBAA?hl=en-IN&gl=IN&ceid=IN%3Aen'}
Telangana draft policy to monetize agricultural data: Here's what to know,{'https://news.google.com/articles/CBMiW2h0dHBzOi8vd3d3Lm1lZGlhbmFtYS5jb20vMjAyMi8wNy8yMjMtc3VtbWFyeS10ZWxhbmdhbmEtYWdyaWN1bHR1cmUtZGF0YS1tYW5hZ2VtZW50LXBvbGljeS_SAQA?hl=en-IN&gl=IN&ceid=IN%3Aen'}
TAFE opens JFarm at Telangana State Agriculture University,{'https://news.google.com/articles/CBMijwFodHRwczovL3RpbWVzb2ZpbmRpYS5pbmRpYXRpbWVzLmNvbS9idXNpbmVzcy9pbmRpYS1idXNpbmVzcy90YWZlLW9wZW5zLWpmYXJtLWF0LXRlbGFuZ2FuYS1zdGF0ZS1hZ3JpY3VsdHVyZS11bml2ZXJzaXR5L2FydGljbGVzaG93LzkzMTYwODMyLmNtc9IBigFodHRwczovL20udGltZXNvZmluZGlhLmNvbS9idXNpbmVzcy9pbmRpYS1idXNpbmVzcy90YWZlLW9wZW5zLWpmYXJtLWF0LXRlbGFuZ2FuYS1zdGF0ZS1hZ3JpY3VsdHVyZS11bml2ZXJzaXR5L2FtcF9hcnRpY2xlc2hvdy85MzE2MDgzMi5jbXM?hl=en-IN&gl=IN&ceid=IN%3Aen'}
Bengaluru IISc to create Agricultural Data Exchange for farmer services in Telangana,{'https://news.google.com/articles/CBMif2h0dHBzOi8vaW5kaWFuZXhwcmVzcy5jb20vYXJ0aWNsZS9jaXRpZXMvYmFuZ2Fsb3JlL2JlbmdhbHVydS1paXNjLWFncmljdWx0dXJhbC1kYXRhLWV4Y2hhbmdlLWZhcm1lci1zZXJ2aWNlcy10ZWxhbmdhbmEtODEzMjIwOS_SAQA?hl=en-IN&gl=IN&ceid=IN%3Aen'}
Telangana: 90 students take admissions in Mancherial Medical College,{'https://news.google.com/articles/CBMiXmh0dHBzOi8vdGVsYW5nYW5hdG9kYXkuY29tL3RlbGFuZ2FuYS05MC1zdHVkZW50cy10YWtlLWFkbWlzc2lvbnMtaW4tbWFuY2hlcmlhbC1tZWRpY2FsLWNvbGxlZ2XSAQA?hl=en-IN&gl=IN&ceid=IN%3Aen'}
Telangana revolutionises farming with developmental programmes’,{'https://news.google.com/articles/CBMiXmh0dHBzOi8vd3d3LnNpYXNhdC5jb20vdGVsYW5nYW5hLXJldm9sdXRpb25pc2VzLWZhcm1pbmctd2l0aC1kZXZlbG9wbWVudGFsLXByb2dyYW1tZXMtMjM5OTIwOS_SAWJodHRwczovL3d3dy5zaWFzYXQuY29tL3RlbGFuZ2FuYS1yZXZvbHV0aW9uaXNlcy1mYXJtaW5nLXdpdGgtZGV2ZWxvcG1lbnRhbC1wcm9ncmFtbWVzLTIzOTkyMDkvYW1wLw?hl=en-IN&gl=IN&ceid=IN%3Aen'}
Khammam: Stinking nala to turn public hotspot,{'https://news.google.com/articles/CBMiR2h0dHBzOi8vdGVsYW5nYW5hdG9kYXkuY29tL2toYW1tYW0tc3RpbmtpbmctbmFsYS10by10dXJuLXB1YmxpYy1ob3RzcG900gEA?hl=en-IN&gl=IN&ceid=IN%3Aen'}
Telangana: Draft of Agriculture Data Management Policy 2022 released,{'https://news.google.com/articles/CBMiXmh0dHBzOi8vdGVsYW5nYW5hdG9kYXkuY29tL3RlbGFuZ2FuYS1kcmFmdC1vZi1hZ3JpY3VsdHVyZS1kYXRhLW1hbmFnZW1lbnQtcG9saWN5LTIwMjItcmVsZWFzZWTSAQA?hl=en-IN&gl=IN&ceid=IN%3Aen'}
"Telangana secures top position, registers double growth in Agriculture",{'https://news.google.com/articles/CBMiYGh0dHBzOi8vdGVsYW5nYW5hdG9kYXkuY29tL3RlbGFuZ2FuYS1zZWN1cmVzLXRvcC1wb3NpdGlvbi1yZWdpc3RlcnMtZG91YmxlLWdyb3d0aC1pbi1hZ3JpY3VsdHVyZdIBAA?hl=en-IN&gl=IN&ceid=IN%3Aen'}
Telangana agriculture minister dares Centre to declare amendments to employment guarantee scheme,{'https://news.google.com/articles/CBMiqwFodHRwczovL3d3dy5uZXdpbmRpYW5leHByZXNzLmNvbS9zdGF0ZXMvdGVsYW5nYW5hLzIwMjIvanVuLzI5L3RlbGFuZ2FuYS1hZ3JpY3VsdHVyZS1taW5pc3Rlci1kYXJlcy1jZW50cmUtdG8tZGVjbGFyZS1hbWVuZG1lbnRzLXRvLWVtcGxveW1lbnQtZ3VhcmFudGVlLXNjaGVtZS0yNDcxMDY0Lmh0bWzSAaoBaHR0cHM6Ly93d3cubmV3aW5kaWFuZXhwcmVzcy5jb20vc3RhdGVzL3RlbGFuZ2FuYS8yMDIyL2p1bi8yOS90ZWxhbmdhbmEtYWdyaWN1bHR1cmUtbWluaXN0ZXItZGFyZXMtY2VudHJlLXRvLWRlY2xhcmUtYW1lbmRtZW50cy10by1lbXBsb3ltZW50LWd1YXJhbnRlZS1zY2hlbWUtMjQ3MTA2NC5hbXA?hl=en-IN&gl=IN&ceid=IN%3Aen'}
"As State schemes help them, Telangana farmers become owners of most expensive agricultural land",{'https://news.google.com/articles/CBMieWh0dHBzOi8vdGVsYW5nYW5hdG9kYXkuY29tL2FzLXN0YXRlLXNjaGVtZXMtaGVscC10aGVtLXRlbGFuZ2FuYS1mYXJtZXJzLWJlY29tZS1vd25lcnMtb2YtbW9zdC1leHBlbnNpdmUtYWdyaWN1bHR1cmFsLWxhbmTSAQA?hl=en-IN&gl=IN&ceid=IN%3Aen'}
Agriculture has seen turnaround in Telangana due to efforts of state govt: Srinivas Goud,{'https://news.google.com/articles/CBMid2h0dHBzOi8vd3d3LnNpYXNhdC5jb20vYWdyaWN1bHR1cmUtaGFzLXNlZW4tdHVybmFyb3VuZC1pbi10ZWxhbmdhbmEtZHVlLXRvLWVmZm9ydHMtb2Ytc3RhdGUtZ292dC1zcmluaXZhcy1nb3VkLTIzNTY4NzYv0gF7aHR0cHM6Ly93d3cuc2lhc2F0LmNvbS9hZ3JpY3VsdHVyZS1oYXMtc2Vlbi10dXJuYXJvdW5kLWluLXRlbGFuZ2FuYS1kdWUtdG8tZWZmb3J0cy1vZi1zdGF0ZS1nb3Z0LXNyaW5pdmFzLWdvdWQtMjM1Njg3Ni9hbXAv?hl=en-IN&gl=IN&ceid=IN%3Aen'}
Farmers demand for adoption of Telangana model for sustainable agriculture,{'https://news.google.com/articles/CBMiZWh0dHBzOi8vdGVsYW5nYW5hdG9kYXkuY29tL2Zhcm1lcnMtZGVtYW5kLWZvci1hZG9wdGlvbi1vZi10ZWxhbmdhbmEtbW9kZWwtZm9yLXN1c3RhaW5hYmxlLWFncmljdWx0dXJl0gEA?hl=en-IN&gl=IN&ceid=IN%3Aen'}
Free power to agriculture is bogus: Bandi,{'https://news.google.com/articles/CBMibWh0dHBzOi8vd3d3LnRoZWhpbmR1LmNvbS9uZXdzL25hdGlvbmFsL3RlbGFuZ2FuYS9mcmVlLXBvd2VyLXRvLWFncmljdWx0dXJlLWlzLWJvZ3VzLWJhbmRpL2FydGljbGU2NTMyMzgxNS5lY2XSAXJodHRwczovL3d3dy50aGVoaW5kdS5jb20vbmV3cy9uYXRpb25hbC90ZWxhbmdhbmEvZnJlZS1wb3dlci10by1hZ3JpY3VsdHVyZS1pcy1ib2d1cy1iYW5kaS9hcnRpY2xlNjUzMjM4MTUuZWNlL2FtcC8?hl=en-IN&gl=IN&ceid=IN%3Aen'}
Agri Picks Report: Geojit,{'https://news.google.com/articles/CBMiW2h0dHBzOi8vd3d3Lm1vbmV5Y29udHJvbC5jb20vbmV3cy9idXNpbmVzcy9zdG9ja3MvYWdyaS1waWNrcy1yZXBvcnQtZ2Vvaml0LTU3NS05NjYyNTIxLmh0bWzSAV9odHRwczovL3d3dy5tb25leWNvbnRyb2wuY29tL25ld3MvYnVzaW5lc3Mvc3RvY2tzL2FncmktcGlja3MtcmVwb3J0LWdlb2ppdC01NzUtOTY2MjUyMS5odG1sL2FtcA?hl=en-IN&gl=IN&ceid=IN%3Aen'}
Compensate Telangana farmers immediately for crop loss: Farm activists,{'https://news.google.com/articles/CBMie2h0dHBzOi8vd3d3LmRvd250b2VhcnRoLm9yZy5pbi9uZXdzL2FncmljdWx0dXJlL2NvbXBlbnNhdGUtdGVsYW5nYW5hLWZhcm1lcnMtaW1tZWRpYXRlbHktZm9yLWNyb3AtbG9zcy1mYXJtLWFjdGl2aXN0cy04Mzg5OdIBAA?hl=en-IN&gl=IN&ceid=IN%3Aen'}
How Telangana Can End Its Overreliance on Paddy and Cotton Crops,{'https://news.google.com/articles/CBMiSmh0dHBzOi8vdGhld2lyZS5pbi9hZ3JpY3VsdHVyZS90ZWxhbmdhbmEtY3JvcC1kaXZlcnNpZmljYXRpb24tcGFkZHktY290dG9u0gFYaHR0cHM6Ly9tLnRoZXdpcmUuaW4vYXJ0aWNsZS9hZ3JpY3VsdHVyZS90ZWxhbmdhbmEtY3JvcC1kaXZlcnNpZmljYXRpb24tcGFkZHktY290dG9uL2FtcA?hl=en-IN&gl=IN&ceid=IN%3Aen'}
Yadadri power project works in full swing,{'https://news.google.com/articles/CBMiRGh0dHBzOi8vdGVsYW5nYW5hdG9kYXkuY29tL3lhZGFkcmktcG93ZXItcHJvamVjdC13b3Jrcy1pbi1mdWxsLXN3aW5n0gEA?hl=en-IN&gl=IN&ceid=IN%3Aen'}
Agriculture not a profession but way of life: Niranjan Reddy,{'https://news.google.com/articles/CBMiVmh0dHBzOi8vdGVsYW5nYW5hdG9kYXkuY29tL2FncmljdWx0dXJlLW5vdC1hLXByb2Zlc3Npb24tYnV0LXdheS1vZi1saWZlLW5pcmFuamFuLXJlZGR50gEA?hl=en-IN&gl=IN&ceid=IN%3Aen'}
"Attention Group-4 aspirants: TSPSC notifies 9,168 vacancies",{'https://news.google.com/articles/CBMiaGh0dHBzOi8vbmV3c21ldGVyLmluL3JlZ2lvbmFsL3RlbGFuZ2FuYS9hdHRlbnRpb24tZ3JvdXAtNC1hc3BpcmFudHMtdHNwc2Mtbm90aWZpZXMtOTE2OC12YWNhbmNpZXMtNzA0NDI30gEA?hl=en-IN&gl=IN&ceid=IN%3Aen'}
Telangana bets big on oil palm to cut $19 billion vegetable oil imports,{'https://news.google.com/articles/CBMilgFodHRwczovL2Vjb25vbWljdGltZXMuaW5kaWF0aW1lcy5jb20vbmV3cy9lY29ub215L2FncmljdWx0dXJlL3RlbGFuZ2FuYS1iZXRzLWJpZy1vbi1vaWwtcGFsbS10by1jdXQtMTktYmlsbGlvbi12ZWdvaWwtaW1wb3J0cy9hcnRpY2xlc2hvdy85MzMxMDgxNC5jbXPSAZEBaHR0cHM6Ly9tLmVjb25vbWljdGltZXMuY29tL25ld3MvZWNvbm9teS9hZ3JpY3VsdHVyZS90ZWxhbmdhbmEtYmV0cy1iaWctb24tb2lsLXBhbG0tdG8tY3V0LTE5LWJpbGxpb24tdmVnb2lsLWltcG9ydHMvYW1wX2FydGljbGVzaG93LzkzMzEwODE0LmNtcw?hl=en-IN&gl=IN&ceid=IN%3Aen'}
"₹3,075 cr. allotted to Telangana under AIF, only ₹360 cr. disbursed",{'https://news.google.com/articles/CBMiggFodHRwczovL3d3dy50aGVoaW5kdS5jb20vbmV3cy9uYXRpb25hbC90ZWxhbmdhbmEvMzA3NS1jci1hbGxvdHRlZC10by10ZWxhbmdhbmEtdW5kZXItYWlmLW9ubHktMzYwLWNyLWRpc2J1cnNlZC9hcnRpY2xlNjU2MjMyMzguZWNl0gGHAWh0dHBzOi8vd3d3LnRoZWhpbmR1LmNvbS9uZXdzL25hdGlvbmFsL3RlbGFuZ2FuYS8zMDc1LWNyLWFsbG90dGVkLXRvLXRlbGFuZ2FuYS11bmRlci1haWYtb25seS0zNjAtY3ItZGlzYnVyc2VkL2FydGljbGU2NTYyMzIzOC5lY2UvYW1wLw?hl=en-IN&gl=IN&ceid=IN%3Aen'}
"Agriculture, allied sectors see significant growth in Telangana: Govt",{'https://news.google.com/articles/CBMiXmh0dHBzOi8vdGVsYW5nYW5hdG9kYXkuY29tL2FncmljdWx0dXJlLWFsbGllZC1zZWN0b3JzLXNlZS1zaWduaWZpY2FudC1ncm93dGgtaW4tdGVsYW5nYW5hLWdvdnTSAQA?hl=en-IN&gl=IN&ceid=IN%3Aen'}
Telangana's Rythu Vedikas truly empowering farmers,{'https://news.google.com/articles/CBMiZmh0dHBzOi8vd3d3LmRhaWx5cGlvbmVlci5jb20vMjAyMi9jb2x1bW5pc3RzL3RlbGFuZ2FuYS0tLXMtcnl0aHUtdmVkaWthcy10cnVseS1lbXBvd2VyaW5nLWZhcm1lcnMuaHRtbNIBAA?hl=en-IN&gl=IN&ceid=IN%3Aen'}
"IIITH's social incubator, AIC-IIITH onboards startups for EPAM Social Impact Innovation Program",{'https://news.google.com/articles/CBMimQFodHRwczovL3d3dy5hbmluZXdzLmluL25ld3MvYnVzaW5lc3MvYnVzaW5lc3MvaWlpdGhzLXNvY2lhbC1pbmN1YmF0b3ItYWljLWlpaXRoLW9uYm9hcmRzLXN0YXJ0dXBzLWZvci1lcGFtLXNvY2lhbC1pbXBhY3QtaW5ub3ZhdGlvbi1wcm9ncmFtMjAyMjEyMDcxMjExNTLSAQA?hl=en-IN&gl=IN&ceid=IN%3Aen'}
"Telangana SSDC produces seeds worth ₹6,500 crore in 2021-22",{'https://news.google.com/articles/CBMiaGh0dHBzOi8vd3d3LnRoZWhpbmR1LmNvbS9uZXdzL25hdGlvbmFsL3RlbGFuZ2FuYS9zc2RjLXNlZWRzLXdvcnRoLTY1MDAtY3ItaW4tMjAyMS0yMi9hcnRpY2xlNjU2MjM0NDkuZWNl0gFtaHR0cHM6Ly93d3cudGhlaGluZHUuY29tL25ld3MvbmF0aW9uYWwvdGVsYW5nYW5hL3NzZGMtc2VlZHMtd29ydGgtNjUwMC1jci1pbi0yMDIxLTIyL2FydGljbGU2NTYyMzQ0OS5lY2UvYW1wLw?hl=en-IN&gl=IN&ceid=IN%3Aen'}
Agriculture varsities’ meet bats for changes in farm education,{'https://news.google.com/articles/CBMiggFodHRwczovL3d3dy50aGVoaW5kdS5jb20vbmV3cy9uYXRpb25hbC90ZWxhbmdhbmEvYWdyaWN1bHR1cmUtdmFyc2l0aWVzLW1lZXQtYmF0cy1mb3ItY2hhbmdlcy1pbi1mYXJtLWVkdWNhdGlvbi9hcnRpY2xlNjU1MTU0MzMuZWNl0gGHAWh0dHBzOi8vd3d3LnRoZWhpbmR1LmNvbS9uZXdzL25hdGlvbmFsL3RlbGFuZ2FuYS9hZ3JpY3VsdHVyZS12YXJzaXRpZXMtbWVldC1iYXRzLWZvci1jaGFuZ2VzLWluLWZhcm0tZWR1Y2F0aW9uL2FydGljbGU2NTUxNTQzMy5lY2UvYW1wLw?hl=en-IN&gl=IN&ceid=IN%3Aen'}
Small farmers can hire heavy machinery: Telangana Agriculture Minister,{'https://news.google.com/articles/CBMijwFodHRwczovL3d3dy5uZXdpbmRpYW5leHByZXNzLmNvbS9zdGF0ZXMvdGVsYW5nYW5hLzIwMjIvanVuLzE1L3NtYWxsLWZhcm1lcnMtY2FuLWhpcmUtaGVhdnktbWFjaGluZXJ5LXRlbGFuZ2FuYWFncmljdWx0dXJlLW1pbmlzdGVyLTI0NjU4NTcuaHRtbNIBjgFodHRwczovL3d3dy5uZXdpbmRpYW5leHByZXNzLmNvbS9zdGF0ZXMvdGVsYW5nYW5hLzIwMjIvanVuLzE1L3NtYWxsLWZhcm1lcnMtY2FuLWhpcmUtaGVhdnktbWFjaGluZXJ5LXRlbGFuZ2FuYWFncmljdWx0dXJlLW1pbmlzdGVyLTI0NjU4NTcuYW1w?hl=en-IN&gl=IN&ceid=IN%3Aen'}
No shortage of urea in Telangana: State agriculture department,{'https://news.google.com/articles/CBMihwFodHRwczovL3d3dy5uZXdpbmRpYW5leHByZXNzLmNvbS9zdGF0ZXMvdGVsYW5nYW5hLzIwMjIvbWF5LzMxL25vLXNob3J0YWdlLW9mLXVyZWEtaW50ZWxhbmdhbmEtc3RhdGUtYWdyaWN1bHR1cmUtZGVwYXJ0bWVudC0yNDYwMDIzLmh0bWzSAYYBaHR0cHM6Ly93d3cubmV3aW5kaWFuZXhwcmVzcy5jb20vc3RhdGVzL3RlbGFuZ2FuYS8yMDIyL21heS8zMS9uby1zaG9ydGFnZS1vZi11cmVhLWludGVsYW5nYW5hLXN0YXRlLWFncmljdWx0dXJlLWRlcGFydG1lbnQtMjQ2MDAyMy5hbXA?hl=en-IN&gl=IN&ceid=IN%3Aen'}
Opinion: Agriculture can enable regional unity,{'https://news.google.com/articles/CBMiSGh0dHBzOi8vdGVsYW5nYW5hdG9kYXkuY29tL29waW5pb24tYWdyaWN1bHR1cmUtY2FuLWVuYWJsZS1yZWdpb25hbC11bml0edIBAA?hl=en-IN&gl=IN&ceid=IN%3Aen'}
Oil palm is the new buzzword in agriculture in Telangana,{'https://news.google.com/articles/CBMiggFodHRwczovL3d3dy5uZXdpbmRpYW5leHByZXNzLmNvbS9zdGF0ZXMvdGVsYW5nYW5hLzIwMjIvanVsLzAzL29pbC1wYWxtLWlzLXRoZS1uZXctYnV6endvcmQtaW4tYWdyaWN1bHR1cmVpbi10ZWxhbmdhbmEtMjQ3MjM3Ni5odG1s0gGBAWh0dHBzOi8vd3d3Lm5ld2luZGlhbmV4cHJlc3MuY29tL3N0YXRlcy90ZWxhbmdhbmEvMjAyMi9qdWwvMDMvb2lsLXBhbG0taXMtdGhlLW5ldy1idXp6d29yZC1pbi1hZ3JpY3VsdHVyZWluLXRlbGFuZ2FuYS0yNDcyMzc2LmFtcA?hl=en-IN&gl=IN&ceid=IN%3Aen'}
Gujarat polls phase-1: Voting underway for 89 seats,{'https://news.google.com/articles/CBMiTWh0dHBzOi8vdGVsYW5nYW5hdG9kYXkuY29tL2d1amFyYXQtcG9sbHMtcGhhc2UtMS12b3RpbmctdW5kZXJ3YXktZm9yLTg5LXNlYXRz0gEA?hl=en-IN&gl=IN&ceid=IN%3Aen'}
Telangana State team visits Rajkot farm machine unit,{'https://news.google.com/articles/CBMib2h0dHBzOi8vd3d3LnRoZWhpbmR1LmNvbS9uZXdzL25hdGlvbmFsL3RlbGFuZ2FuYS9zdGF0ZS10ZWFtLXZpc2l0cy1yYWprb3QtZmFybS1tYWNoaW5lLXVuaXQvYXJ0aWNsZTY1Njk0NTY2LmVjZdIBdGh0dHBzOi8vd3d3LnRoZWhpbmR1LmNvbS9uZXdzL25hdGlvbmFsL3RlbGFuZ2FuYS9zdGF0ZS10ZWFtLXZpc2l0cy1yYWprb3QtZmFybS1tYWNoaW5lLXVuaXQvYXJ0aWNsZTY1Njk0NTY2LmVjZS9hbXAv?hl=en-IN&gl=IN&ceid=IN%3Aen'}
Use of drones in crop management,{'https://news.google.com/articles/CBMiZWh0dHBzOi8vd3d3LnRoZWhpbmR1LmNvbS9uZXdzL25hdGlvbmFsL3RlbGFuZ2FuYS91c2Utb2YtZHJvbmVzLWluLWNyb3AtbWFuYWdlbWVudC9hcnRpY2xlNjU4MTg4NTEuZWNl0gFqaHR0cHM6Ly93d3cudGhlaGluZHUuY29tL25ld3MvbmF0aW9uYWwvdGVsYW5nYW5hL3VzZS1vZi1kcm9uZXMtaW4tY3JvcC1tYW5hZ2VtZW50L2FydGljbGU2NTgxODg1MS5lY2UvYW1wLw?hl=en-IN&gl=IN&ceid=IN%3Aen'}
Helping ryots endure climate change in Telangana,{'https://news.google.com/articles/CBMie2h0dHBzOi8vd3d3Lm5ld2luZGlhbmV4cHJlc3MuY29tL3N0YXRlcy90ZWxhbmdhbmEvMjAyMi9vY3QvMDkvaGVscGluZy1yeW90cy1lbmR1cmUtY2xpbWF0ZS1jaGFuZ2UtaW4tdGVsYW5nYW5hLTI1MDYyMzkuaHRtbNIBemh0dHBzOi8vd3d3Lm5ld2luZGlhbmV4cHJlc3MuY29tL3N0YXRlcy90ZWxhbmdhbmEvMjAyMi9vY3QvMDkvaGVscGluZy1yeW90cy1lbmR1cmUtY2xpbWF0ZS1jaGFuZ2UtaW4tdGVsYW5nYW5hLTI1MDYyMzkuYW1w?hl=en-IN&gl=IN&ceid=IN%3Aen'}
Canal works for Palamuru Rangareddy LIS to begin soon: CM KCR,{'https://news.google.com/articles/CBMiV2h0dHBzOi8vdGVsYW5nYW5hdG9kYXkuY29tL2NhbmFsLXdvcmtzLWZvci1wYWxhbXVydS1yYW5nYXJlZGR5LWxpcy10by1iZWdpbi1zb29uLWNtLWtjctIBAA?hl=en-IN&gl=IN&ceid=IN%3Aen'}
FAIR Forward organization partners with the Telangana government to enhance the use of ML for Earth observation,{'https://news.google.com/articles/CBMiiwFodHRwczovL2luZGlhYWkuZ292LmluL25ld3MvZmFpci1mb3J3YXJkLW9yZ2FuaXphdGlvbi1wYXJ0bmVycy13aXRoLXRoZS10ZWxhbmdhbmEtZ292ZXJubWVudC10by1lbmhhbmNlLXRoZS11c2Utb2YtbWwtZm9yLWVhcnRoLW9ic2VydmF0aW9u0gEA?hl=en-IN&gl=IN&ceid=IN%3Aen'}
"Agriculture, allied sector grew by 14.3 per cent in Telangana",{'https://news.google.com/articles/CBMiV2h0dHBzOi8vdGVsYW5nYW5hdG9kYXkuY29tL2FncmljdWx0dXJlLWFsbGllZC1zZWN0b3ItZ3Jldy1ieS0xNC0zLXBlci1jZW50LWluLXRlbGFuZ2FuYdIBAA?hl=en-IN&gl=IN&ceid=IN%3Aen'}
Telangana CM KCR conducts high-level review after unhappiness over regressive farm policies by Centre,{'https://news.google.com/articles/CBMidGh0dHBzOi8vd3d3LmluZGlhdG9kYXkuaW4vaW5kaWEvc3RvcnkvdGVsYW5nYW5hY20ta2NyLXVuaGFwcGluZXNzLXJlZ3Jlc3NpdmUtZmFybS1wb2xpY2llcy1jZW50cmUtMTkzOTYxNy0yMDIyLTA0LTIw0gF4aHR0cHM6Ly93d3cuaW5kaWF0b2RheS5pbi9hbXAvaW5kaWEvc3RvcnkvdGVsYW5nYW5hY20ta2NyLXVuaGFwcGluZXNzLXJlZ3Jlc3NpdmUtZmFybS1wb2xpY2llcy1jZW50cmUtMTkzOTYxNy0yMDIyLTA0LTIw?hl=en-IN&gl=IN&ceid=IN%3Aen'}
"Rains impact cotton farming, push up paddy cultivation",{'https://news.google.com/articles/CBMiemh0dHBzOi8vd3d3LnRoZWhpbmR1LmNvbS9uZXdzL25hdGlvbmFsL3RlbGFuZ2FuYS9yYWlucy1pbXBhY3QtY290dG9uLWZhcm1pbmctcHVzaC11cC1wYWRkeS1jdWx0aXZhdGlvbi9hcnRpY2xlNjU4NDQ1MzcuZWNl0gF_aHR0cHM6Ly93d3cudGhlaGluZHUuY29tL25ld3MvbmF0aW9uYWwvdGVsYW5nYW5hL3JhaW5zLWltcGFjdC1jb3R0b24tZmFybWluZy1wdXNoLXVwLXBhZGR5LWN1bHRpdmF0aW9uL2FydGljbGU2NTg0NDUzNy5lY2UvYW1wLw?hl=en-IN&gl=IN&ceid=IN%3Aen'}
Telangana to ask Centre to lift entire crop of pulses at MSP,{'https://news.google.com/articles/CBMihgFodHRwczovL3d3dy5uZXdpbmRpYW5leHByZXNzLmNvbS9zdGF0ZXMvdGVsYW5nYW5hLzIwMjIvc2VwLzI4L3RlbGFuZ2FuYXRvLWFzay1jZW50cmUtdG8tbGlmdC1lbnRpcmUtY3JvcC1vZi1wdWxzZXMtYXQtbXNwLTI1MDI3MDEuaHRtbNIBhQFodHRwczovL3d3dy5uZXdpbmRpYW5leHByZXNzLmNvbS9zdGF0ZXMvdGVsYW5nYW5hLzIwMjIvc2VwLzI4L3RlbGFuZ2FuYXRvLWFzay1jZW50cmUtdG8tbGlmdC1lbnRpcmUtY3JvcC1vZi1wdWxzZXMtYXQtbXNwLTI1MDI3MDEuYW1w?hl=en-IN&gl=IN&ceid=IN%3Aen'}
Red sanders growers in Telangana feel the blues,{'https://news.google.com/articles/CBMif2h0dHBzOi8vd3d3LnRoZWhpbmR1LmNvbS9uZXdzL25hdGlvbmFsL3RlbGFuZ2FuYS9uby1lbmQtdG8td29lcy1vZi1wcml2YXRlLXJlZC1zYW5kZXJzLWdyb3dlcnMtaW4tdGVsYW5nYW5hL2FydGljbGU2NTk2MzEwOC5lY2XSAYQBaHR0cHM6Ly93d3cudGhlaGluZHUuY29tL25ld3MvbmF0aW9uYWwvdGVsYW5nYW5hL25vLWVuZC10by13b2VzLW9mLXByaXZhdGUtcmVkLXNhbmRlcnMtZ3Jvd2Vycy1pbi10ZWxhbmdhbmEvYXJ0aWNsZTY1OTYzMTA4LmVjZS9hbXAv?hl=en-IN&gl=IN&ceid=IN%3Aen'}
TSSP denies its personnel doing agriculture work,{'https://news.google.com/articles/CBMiS2h0dHBzOi8vdGVsYW5nYW5hdG9kYXkuY29tL3Rzc3AtZGVuaWVzLWl0cy1wZXJzb25uZWwtZG9pbmctYWdyaWN1bHR1cmUtd29ya9IBAA?hl=en-IN&gl=IN&ceid=IN%3Aen'}
Crop cultivation should be driven by market demand: Niranjan Reddy,{'https://news.google.com/articles/CBMiXGh0dHBzOi8vdGVsYW5nYW5hdG9kYXkuY29tL2Nyb3AtY3VsdGl2YXRpb24tc2hvdWxkLWJlLWRyaXZlbi1ieS1tYXJrZXQtZGVtYW5kLW5pcmFuamFuLXJlZGR50gEA?hl=en-IN&gl=IN&ceid=IN%3Aen'}
Andhra students dominate Telangana EAMCET,{'https://news.google.com/articles/CBMinwFodHRwczovL3d3dy50aGVoaW5kdS5jb20vbmV3cy9uYXRpb25hbC90ZWxhbmdhbmEvYW5kaHJhLXN0dWRlbnRzLWRvbWluYXRlLXRlbGFuZ2FuYS1lYW1jZXQtYnV0LWh5ZGVyYWJhZC1ib3ktdG9wcy1lbmdpbmVlcmluZy9hcnRpY2xlNjU3NjEyMzQuZWNlP2hvbWVwYWdlPXRydWXSAZYBaHR0cHM6Ly93d3cudGhlaGluZHUuY29tL25ld3MvbmF0aW9uYWwvdGVsYW5nYW5hL2FuZGhyYS1zdHVkZW50cy1kb21pbmF0ZS10ZWxhbmdhbmEtZWFtY2V0LWJ1dC1oeWRlcmFiYWQtYm95LXRvcHMtZW5naW5lZXJpbmcvYXJ0aWNsZTY1NzYxMjM0LmVjZS9hbXAv?hl=en-IN&gl=IN&ceid=IN%3Aen'}
Farmer suicides fewer in Telangana: Union Agriculture Minister Narendra Singh Tomar,{'https://news.google.com/articles/CBMinQFodHRwczovL3d3dy5uZXdpbmRpYW5leHByZXNzLmNvbS9zdGF0ZXMvdGVsYW5nYW5hLzIwMjIvYXByLzA2L2Zhcm1lci1zdWljaWRlcy1mZXdlci1pbi10ZWxhbmdhbmEtdW5pb24tYWdyaWN1bHR1cmUtbWluaXN0ZXItbmFyZW5kcmEtc2luZ2gtdG9tYXItMjQzODUyNC5odG1s0gGcAWh0dHBzOi8vd3d3Lm5ld2luZGlhbmV4cHJlc3MuY29tL3N0YXRlcy90ZWxhbmdhbmEvMjAyMi9hcHIvMDYvZmFybWVyLXN1aWNpZGVzLWZld2VyLWluLXRlbGFuZ2FuYS11bmlvbi1hZ3JpY3VsdHVyZS1taW5pc3Rlci1uYXJlbmRyYS1zaW5naC10b21hci0yNDM4NTI0LmFtcA?hl=en-IN&gl=IN&ceid=IN%3Aen'}
Has low paddy acreage caused Centre's U-turn on Telangana parboiled rice procurement,{'https://news.google.com/articles/CBMiigFodHRwczovL3d3dy5kb3dudG9lYXJ0aC5vcmcuaW4vbmV3cy9hZ3JpY3VsdHVyZS9oYXMtbG93LXBhZGR5LWFjcmVhZ2UtY2F1c2VkLWNlbnRyZS1zLXUtdHVybi1vbi10ZWxhbmdhbmEtcGFyYm9pbGVkLXJpY2UtcHJvY3VyZW1lbnQtODQzMjXSAQA?hl=en-IN&gl=IN&ceid=IN%3Aen'}
"Opinion: Raising agriculture, food exports",{'https://news.google.com/articles/CBMiQ2h0dHBzOi8vdGVsYW5nYW5hdG9kYXkuY29tL29waW5pb24tcmFpc2luZy1hZ3JpY3VsdHVyZS1mb29kLWV4cG9ydHPSAQA?hl=en-IN&gl=IN&ceid=IN%3Aen'}
Opinion: Making the farm vision work,{'https://news.google.com/articles/CBMiPmh0dHBzOi8vdGVsYW5nYW5hdG9kYXkuY29tL29waW5pb24tbWFraW5nLXRoZS1mYXJtLXZpc2lvbi13b3Jr0gEA?hl=en-IN&gl=IN&ceid=IN%3Aen'}
"KTR flays Centre's conspiracy to privatise agriculture, power sectors",{'https://news.google.com/articles/CBMiXmh0dHBzOi8vdGVsYW5nYW5hdG9kYXkuY29tL2t0ci1mbGF5cy1jZW50cmVzLWNvbnNwaXJhY3ktdG8tcHJpdmF0aXNlLWFncmljdWx0dXJlLXBvd2VyLXNlY3RvcnPSAQA?hl=en-IN&gl=IN&ceid=IN%3Aen'}
"KTR tele-talks to Munugode ryots, urges them to make wise choice",{'https://news.google.com/articles/CBMihAFodHRwczovL3d3dy50aGVoaW5kdS5jb20vbmV3cy9uYXRpb25hbC90ZWxhbmdhbmEva3RyLXRlbGUtdGFsa3MtdG8tbXVudWdvZGUtcnlvdHMtdXJnZXMtdGhlbS10by1tYWtlLXdpc2UtY2hvaWNlL2FydGljbGU2NjAyNzcyNi5lY2XSAYkBaHR0cHM6Ly93d3cudGhlaGluZHUuY29tL25ld3MvbmF0aW9uYWwvdGVsYW5nYW5hL2t0ci10ZWxlLXRhbGtzLXRvLW11bnVnb2RlLXJ5b3RzLXVyZ2VzLXRoZW0tdG8tbWFrZS13aXNlLWNob2ljZS9hcnRpY2xlNjYwMjc3MjYuZWNlL2FtcC8?hl=en-IN&gl=IN&ceid=IN%3Aen'}
Agricultural university suspends 20 students for ragging juniors,{'https://news.google.com/articles/CBMihQFodHRwczovL3d3dy50aGVoaW5kdS5jb20vbmV3cy9uYXRpb25hbC90ZWxhbmdhbmEvYWdyaWN1bHR1cmFsLXVuaXZlcnNpdHktc3VzcGVuZHMtMjAtc3R1ZGVudHMtZm9yLXJhZ2dpbmctanVuaW9ycy9hcnRpY2xlNjU2OTg3MDQuZWNl0gGKAWh0dHBzOi8vd3d3LnRoZWhpbmR1LmNvbS9uZXdzL25hdGlvbmFsL3RlbGFuZ2FuYS9hZ3JpY3VsdHVyYWwtdW5pdmVyc2l0eS1zdXNwZW5kcy0yMC1zdHVkZW50cy1mb3ItcmFnZ2luZy1qdW5pb3JzL2FydGljbGU2NTY5ODcwNC5lY2UvYW1wLw?hl=en-IN&gl=IN&ceid=IN%3Aen'}
Nalgonda: AEOs narrate transformation of agriculture before and after 2014,{'https://news.google.com/articles/CBMiZGh0dHBzOi8vdGVsYW5nYW5hdG9kYXkuY29tL25hbGdvbmRhLWFlb3MtbmFycmF0ZS10cmFuc2Zvcm1hdGlvbi1vZi1hZ3JpY3VsdHVyZS1iZWZvcmUtYW5kLWFmdGVyLTIwMTTSAQA?hl=en-IN&gl=IN&ceid=IN%3Aen'}
Telangana government prods farmers to grow cotton this Kharif for greater profits,{'https://news.google.com/articles/CBMilgFodHRwczovL3d3dy5uZXdpbmRpYW5leHByZXNzLmNvbS9zdGF0ZXMvdGVsYW5nYW5hLzIwMjIvbWF5LzIzL3RlbGFuZ2FuYS1nb3Z0LXByb2RzLWZhcm1lcnMtdG8tZ3Jvdy1jb3R0b24tdGhpcy1raGFyaWYtZm9yLWdyZWF0ZXItcHJvZml0cy0yNDU2ODMwLmh0bWzSAZUBaHR0cHM6Ly93d3cubmV3aW5kaWFuZXhwcmVzcy5jb20vc3RhdGVzL3RlbGFuZ2FuYS8yMDIyL21heS8yMy90ZWxhbmdhbmEtZ292dC1wcm9kcy1mYXJtZXJzLXRvLWdyb3ctY290dG9uLXRoaXMta2hhcmlmLWZvci1ncmVhdGVyLXByb2ZpdHMtMjQ1NjgzMC5hbXA?hl=en-IN&gl=IN&ceid=IN%3Aen'}
Telangana State budget highlights,{'https://news.google.com/articles/CBMiZmh0dHBzOi8vd3d3LnRoZWhpbmR1LmNvbS9uZXdzL25hdGlvbmFsL3RlbGFuZ2FuYS90ZWxhbmdhbmEtc3RhdGUtYnVkZ2V0LWhpZ2hsaWdodHMvYXJ0aWNsZTY1MjAwOTI2LmVjZdIBAA?hl=en-IN&gl=IN&ceid=IN%3Aen'}
"Eight Years Of Telangana: The Hits, The Misses, And The Challenges Ahead",{'https://news.google.com/articles/CBMiaGh0dHBzOi8vc3dhcmFqeWFtYWcuY29tL2NvbW1lbnRhcnkvZWlnaHQteWVhcnMtb2YtdGVsYW5nYW5hLXRoZS1oaXRzLXRoZS1taXNzZXMtYW5kLXRoZS1jaGFsbGVuZ2VzLWFoZWFk0gF0aHR0cHM6Ly9zd2FyYWp5YW1hZy5jb20vYW1wL3N0b3J5L2NvbW1lbnRhcnklMkZlaWdodC15ZWFycy1vZi10ZWxhbmdhbmEtdGhlLWhpdHMtdGhlLW1pc3Nlcy1hbmQtdGhlLWNoYWxsZW5nZXMtYWhlYWQ?hl=en-IN&gl=IN&ceid=IN%3Aen'}
TS EAMCET agriculture stream postponed due to heavy rains,{'https://news.google.com/articles/CBMiigFodHRwczovL2luZGlhbmV4cHJlc3MuY29tL2FydGljbGUvZWR1Y2F0aW9uL3RlbGFuZ2FuYS10cy1lYW1jZXQtMjAyMi1wb3N0cG9uZWQtZm9yLWFncmljdWx0dXJlLXN0cmVhbS1kdWUtdG8taGVhdnktcmFpbnMtbWFuYWJhZGktODAyNzAxMS_SAQA?hl=en-IN&gl=IN&ceid=IN%3Aen'}
Telangana: TDF USA launches Custom Hiring Centre at Mustabad,{'https://news.google.com/articles/CBMiVmh0dHBzOi8vdGVsYW5nYW5hdG9kYXkuY29tL3RlbGFuZ2FuYS10ZGYtdXNhLWxhdW5jaGVzLWN1c3RvbS1oaXJpbmctY2VudHJlLWF0LW11c3RhYmFk0gEA?hl=en-IN&gl=IN&ceid=IN%3Aen'}
Telangana CM KCR orders release of paddy procurement dues to farmers after BJP letter,{'https://news.google.com/articles/CBMieWh0dHBzOi8vaW5kaWFuZXhwcmVzcy5jb20vYXJ0aWNsZS9jaXRpZXMvaHlkZXJhYmFkL3RlbGFuZ2FuYS1jbS1rY3ItcmVsZWFzZS1vZi1wYWRkeS1wcm9jdXJlbWVudC1kdWVzLWJqcC1sZXR0ZXItNzk4NTMzMi_SAQA?hl=en-IN&gl=IN&ceid=IN%3Aen'}
Asifabad: Tiger continues to roam in rural parts of Kaghaznagar,{'https://news.google.com/articles/CBMiWWh0dHBzOi8vdGVsYW5nYW5hdG9kYXkuY29tL2FzaWZhYmFkLXRpZ2VyLWNvbnRpbnVlcy10by1yb2FtLWluLXJ1cmFsLXBhcnRzLW9mLWthZ2hhem5hZ2Fy0gEA?hl=en-IN&gl=IN&ceid=IN%3Aen'}
"Rain continues to affect normal life, damages crops in Telangana",{'https://news.google.com/articles/CBMid2h0dHBzOi8vd3d3LnRoZWhpbmR1LmNvbS9uZXdzL25hdGlvbmFsL3RlbGFuZ2FuYS9yYWluLWNvbnRpbnVlcy10by1hZmZlY3Qtbm9ybWFsLWxpZmUtZGFtYWdlcy1jcm9wcy9hcnRpY2xlNjU2MzIyMjAuZWNl0gF8aHR0cHM6Ly93d3cudGhlaGluZHUuY29tL25ld3MvbmF0aW9uYWwvdGVsYW5nYW5hL3JhaW4tY29udGludWVzLXRvLWFmZmVjdC1ub3JtYWwtbGlmZS1kYW1hZ2VzLWNyb3BzL2FydGljbGU2NTYzMjIyMC5lY2UvYW1wLw?hl=en-IN&gl=IN&ceid=IN%3Aen'}
Steep decline in farmers’ suicide in Telangana: Tomar,{'https://news.google.com/articles/CBMib2h0dHBzOi8vd3d3LmRlY2NhbmNocm9uaWNsZS5jb20vbmF0aW9uL2N1cnJlbnQtYWZmYWlycy8wNTA0MjIvc3RlZXAtZGVjbGluZS1pbi1mYXJtZXJzLXN1aWNpZGUtaW4tdHMtdG9tYXIuaHRtbNIBc2h0dHBzOi8vd3d3LmRlY2NhbmNocm9uaWNsZS5jb20vYW1wL25hdGlvbi9jdXJyZW50LWFmZmFpcnMvMDUwNDIyL3N0ZWVwLWRlY2xpbmUtaW4tZmFybWVycy1zdWljaWRlLWluLXRzLXRvbWFyLmh0bWw?hl=en-IN&gl=IN&ceid=IN%3Aen'}
Telangana International Seed Testing Lab gets Centre's pat,{'https://news.google.com/articles/CBMiVGh0dHBzOi8vdGVsYW5nYW5hdG9kYXkuY29tL3RlbGFuZ2FuYS1pbnRlcm5hdGlvbmFsLXNlZWQtdGVzdGluZy1sYWItZ2V0cy1jZW50cmVzLXBhdNIBAA?hl=en-IN&gl=IN&ceid=IN%3Aen'}
Malnutrition: Telangana's efforts find place in UN report,{'https://news.google.com/articles/CBMiUmh0dHBzOi8vdGVsYW5nYW5hdG9kYXkuY29tL21hbG51dHJpdGlvbi10ZWxhbmdhbmFzLWVmZm9ydHMtZmluZC1wbGFjZS1pbi11bi1yZXBvcnTSAQA?hl=en-IN&gl=IN&ceid=IN%3Aen'}
Paddy cultivation in Telangana goes up by 7 per cent as national average dips by 5.9 per cent,{'https://news.google.com/articles/CBMieGh0dHBzOi8vdGVsYW5nYW5hdG9kYXkuY29tL3BhZGR5LWN1bHRpdmF0aW9uLWluLXRlbGFuZ2FuYS1nb2VzLXVwLWJ5LTctcGVyLWNlbnQtYXMtbmF0aW9uYWwtYXZlcmFnZS1kaXBzLWJ5LTUtOS1wZXItY2VudNIBAA?hl=en-IN&gl=IN&ceid=IN%3Aen'}
"Telangana minister Singireddy Niranjan Reddy targets Congress, BJP over 'policies against farmers'",{'https://news.google.com/articles/CBMiqgFodHRwczovL3d3dy5uZXdpbmRpYW5leHByZXNzLmNvbS9zdGF0ZXMvdGVsYW5nYW5hLzIwMjIvbWF5LzMxL3RlbGFuZ2FuYS1taW5pc3Rlci1zaW5naXJlZGR5LW5pcmFuamFuLXJlZGR5LXRhcmdldHMtY29uZ3Jlc3MtYmpwLW92ZXItcG9saWNpZXMtYWdhaW5zdC1mYXJtZXJzLTI0NjAwMTIuaHRtbNIBqQFodHRwczovL3d3dy5uZXdpbmRpYW5leHByZXNzLmNvbS9zdGF0ZXMvdGVsYW5nYW5hLzIwMjIvbWF5LzMxL3RlbGFuZ2FuYS1taW5pc3Rlci1zaW5naXJlZGR5LW5pcmFuamFuLXJlZGR5LXRhcmdldHMtY29uZ3Jlc3MtYmpwLW92ZXItcG9saWNpZXMtYWdhaW5zdC1mYXJtZXJzLTI0NjAwMTIuYW1w?hl=en-IN&gl=IN&ceid=IN%3Aen'}
"Telangana govt launches 'Saagu-Baagu' to promote innovation in agriculture, horticulture",{'https://news.google.com/articles/CBMicGh0dHBzOi8vdGVsYW5nYW5hdG9kYXkuY29tL3RlbGFuZ2FuYS1nb3Z0LWxhdW5jaGVzLXNhYWd1LWJhYWd1LXRvLXByb21vdGUtaW5ub3ZhdGlvbi1pbi1hZ3JpY3VsdHVyZS1ob3J0aWN1bHR1cmXSAQA?hl=en-IN&gl=IN&ceid=IN%3Aen'}
